/*Quartiers*/

INSERT INTO quartier (id_quartier, nom) VALUES
(1, 'Centre Historique'),
(2, 'Berbisey'),
(3, 'Place du 30 Octobre'),
(4, 'Victor Hugo'),
(5, 'Université'),
(6, 'Toison d_Or'),
(7, 'Port du Canal'),
(8, 'Parc Valmy'),
(9, 'Vauban'),
(10, 'Darcy');

/*Bars*/
INSERT INTO bar (id_bar, nom, adresse, id_quartier) VALUES
(1, 'Le 3310', '77 Rue Berbisey, 21000 Dijon', 2),
(2, 'BamJam', '43 Rue Auguste Comte, 21000 Dijon', 10),
(3, 'L’Antre II Mondes', '21 Rue d’Ahuy, 21000 Dijon', 6),
(4, 'Monsieur Moutarde', '40 Rue des Forges, 21000 Dijon', 1),
(5, 'Mac Callaghan Pub', '8 Rue Bannelier, 21000 Dijon', 1),
(6, 'Le Brighton – Pub', '33 Rue Auguste Comte, 21000 Dijon', 10),
(7, 'Embassy Bar', '3 Rue Devosge, 21000 Dijon', 1),
(8, 'Le 19', '19 Rue Berbisey, 21000 Dijon', 2),
(9, 'Les Berthom – Bar à Bières', 'Dijon', 2),
(10, 'Cave Vauban', 'Dijon', 9),
(11, 'L’Ours Pimpant', 'Dijon', 1),
(12, 'Le Bar by La Cloche', 'Dijon', 1),
(13, 'Bar le 1855', 'Dijon', 4),
(14, 'Meltdown / L’Enivré', '53 Rue Devosge, 21000 Dijon', 1),
(15, 'Beer Country', '2 Place du 30 Octobre, 21000 Dijon', 3),
(16, 'Les Moulins Bleus', '4 Rue Musette, 21000 Dijon', 3),
(17, 'Au fût et à mesure Dijon', '12 Rue Quentin, 21000 Dijon', 1),
(18, 'Le Point d’Eau', 'Rue Jeannin, 21000 Dijon', 1),
(19, 'L’Univers', 'Rue Berbisey, 21000 Dijon', 2),
(20, 'Le Cellier', '1 Rue Auguste Perdrix, 21000 Dijon', 1);

/*Bieres*/
INSERT INTO biere (id_biere, nom, type, degre) VALUES
(1, 'Paix Dieu', 'Triple', 10.0),
(2, 'Val-Dieu Blonde', 'Blonde', 6.0),
(3, 'Val-Dieu Brune', 'Brune', 8.0),
(4, 'Val-Dieu Triple', 'Triple', 9.0),
(5, '90 BPM', 'IPA', 6.5),
(6, 'Leffe Blonde', 'Blonde', 6.6),
(7, 'Leffe Brune', 'Brune', 6.5),
(8, 'Heineken', 'Lager', 5.0),
(9, 'Kronenbourg', 'Lager', 5.0),
(10, 'Grimbergen Blonde', 'Blonde', 6.7),
(11, 'Grimbergen Ambrée', 'Ambrée', 6.5),
(12, 'Tripel Karmeliet', 'Tripel', 8.4),
(13, 'Chouffe Blonde', 'Belgian Ale', 8.0),
(14, 'Chouffe IPA', 'IPA', 6.5),
(15, 'Guinness', 'Stout', 4.2),
(16, 'Kilkenny', 'Rouge', 4.3),
(17, 'Brooklyn Lager', 'Lager', 5.2),
(18, 'Brooklyn IPA', 'IPA', 6.9),
(19, 'Lagunitas IPA', 'IPA', 6.2),
(20, 'Pelforth Blonde', 'Blonde', 6.0),
(21, 'Pelforth Brune', 'Brune', 6.5),
(22, 'Meteor Pils', 'Pils', 5.0),
(23, 'Delirium Tremens', 'Strong Ale', 8.5),
(24, 'Delirium Red', 'Fruit Beer', 8.0),
(25, 'Affligem Blonde', 'Blonde', 6.8),
(26, 'Affligem Triple', 'Tripel', 9.0),
(27, 'Hoegaarden Blanche', 'Blanche', 4.9),
(28, 'Blanche de Namur', 'Blanche', 4.5),
(29, 'Skoll Tuborg', 'Vodka Beer', 6.0),
(30, 'IPA du Mont Blanc', 'IPA', 6.5),
(31, 'Mont Blanc Blonde', 'Blonde', 5.8),
(32, 'Fischer Tradition', 'Lager', 6.0),
(33, 'Corona', 'Lager', 4.5),
(34, 'Bud', 'Lager', 5.0),
(35, 'Pietra', 'Ambrée', 6.0),
(36, 'Kwak', 'Belgian Ale', 8.4),
(37, 'Queue de Charrue Triple', 'Tripel', 9.0),
(38, 'Queue de Charrue Brune', 'Brune', 7.0),
(39, 'Tripick 6', 'Belgian Ale', 6.0),
(40, 'Tripick 8', 'Belgian Ale', 8.0);

/*Prix*/

INSERT INTO prix (id_bar, id_biere, prix) VALUES
(1, 1, 6.5),(1, 3, 7.0),(1, 5, 6.8),(1, 7, 7.5),(1, 10, 6.9),(1, 12, 7.2),(1, 15, 6.4),
(2, 2, 6.0),(2, 4, 6.8),(2, 6, 7.1),(2, 8, 6.7),(2, 11, 7.0),(2, 13, 6.9),(2, 16, 7.3),
(3, 1, 6.2),(3, 4, 6.9),(3, 9, 7.4),(3, 10, 6.5),(3, 14, 7.2),(3, 17, 7.0),(3, 20, 6.8),
(4, 3, 7.0),(4, 5, 7.3),(4, 8, 7.5),(4, 12, 7.7),(4, 18, 7.2),(4, 21, 6.9),(4, 22, 7.4),
(5, 2, 6.4),(5, 6, 6.9),(5, 11, 7.1),(5, 13, 7.0),(5, 19, 7.4),(5, 23, 7.2),(5, 24, 6.8),
(6, 1, 6.8),(6, 3, 7.1),(6, 7, 7.4),(6, 9, 7.0),(6, 14, 7.5),(6, 20, 6.9),(6, 25, 7.3),
(7, 2, 6.7),(7, 5, 7.2),(7, 8, 7.4),(7, 11, 7.0),(7, 16, 7.3),(7, 21, 7.1),(7, 26, 7.4),
(8, 3, 6.9),(8, 4, 6.7),(8, 6, 7.1),(8, 12, 7.5),(8, 18, 7.2),(8, 22, 7.6),(8, 27, 6.9),
(9, 1, 6.5),(9, 5, 7.0),(9, 9, 7.3),(9, 13, 7.1),(9, 14, 7.4),(9, 23, 7.2),(9, 28, 6.8),
(10, 2, 6.6),(10, 4, 6.9),(10, 10, 7.2),(10, 11, 7.0),(10, 17, 7.4),(10, 24, 7.3),(10, 29, 7.1),
(11, 3, 6.8),(11, 6, 7.0),(11, 8, 7.3),(11, 12, 7.1),(11, 19, 7.5),(11, 25, 7.2),(11, 30, 7.4),
(12, 1, 6.7),(12, 5, 7.1),(12, 7, 7.4),(12, 10, 6.9),(12, 15, 7.3),(12, 20, 7.1),(12, 31, 7.5),
(13, 2, 6.8),(13, 4, 6.9),(13, 6, 7.2),(13, 14, 7.4),(13, 18, 7.3),(13, 22, 7.5),(13, 32, 7.1),
(14, 3, 6.9),(14, 7, 7.3),(14, 9, 7.5),(14, 12, 7.2),(14, 17, 7.4),(14, 23, 7.6),(14, 33, 7.0),
(15, 1, 6.6),(15, 5, 7.1),(15, 8, 7.4),(15, 10, 6.8),(15, 16, 7.3),(15, 21, 7.2),(15, 34, 7.5),
(16, 2, 6.7),(16, 6, 7.0),(16, 11, 7.3),(16, 13, 7.1),(16, 19, 7.4),(16, 24, 7.3),(16, 35, 7.2),
(17, 3, 6.9),(17, 4, 6.8),(17, 7, 7.4),(17, 9, 7.2),(17, 14, 7.5),(17, 20, 7.0),(17, 36, 7.6),
(18, 1, 6.5),(18, 6, 7.0),(18, 8, 7.3),(18, 12, 7.1),(18, 18, 7.4),(18, 22, 7.5),(18, 37, 7.2),
(19, 2, 6.6),(19, 5, 7.1),(19, 10, 7.3),(19, 13, 7.2),(19, 17, 7.4),(19, 23, 7.5),(19, 38, 7.1),
(20, 3, 6.8),(20, 4, 6.9),(20, 7, 7.4),(20, 11, 7.2),(20, 15, 7.3),(20, 19, 7.5),(20, 39, 7.4),
(1, 2, 6.8),(2, 7, 7.4),(3, 11, 7.3),(4, 16, 7.5),(5, 20, 7.2),(6, 24, 7.4),(7, 28, 7.3),(8, 30, 7.5),
(9, 33, 7.2),(10, 40, 7.6);